Country,Year,Birth.Attend.Percentage,lower_bound,upper_bound,Mortality,Income
Afghanistan,2015.0,0.0,253.0,620.0,396.0,0.0
Afghanistan,2013.0,45.2,0.0,0.0,0.0,2e3
Afghanistan,2e3,0.0,745.0,1570.0,1100.0,0.0
Afghanistan,1990.0,0.0,878.0,1950.0,1340.0,0.0
Albania,2015.0,0.0,16.0,46.0,29.0,0.0
Albania,2008.0,99.3,0.0,0.0,0.0,8920.0
Albania,2e3,0.0,33.0,56.0,43.0,4370.0
Albania,1990.0,0.0,58.0,88.0,71.0,2840.0
Algeria,2015.0,0.0,82.0,244.0,140.0,0.0
Algeria,2012.0,96.6,0.0,0.0,0.0,12750.0
Algeria,2e3,0.0,118.0,241.0,170.0,7460.0
Algeria,1990.0,0.0,141.0,327.0,216.0,6330.0
Angola,2015.0,0.0,221.0,988.0,477.0,0.0
Angola,2006.0,46.7,0.0,0.0,0.0,4260.0
Angola,2e3,0.0,472.0,1730.0,924.0,2190.0
Angola,1990.0,0.0,627.0,2020.0,1160.0,2190.0
Antigua and Barbuda,2014.0,100.0,0.0,0.0,0.0,0.0
Argentina,2015.0,0.0,44.0,63.0,52.0,0.0
Argentina,2013.0,99.7,0.0,0.0,0.0,0.0
Argentina,2e3,0.0,54.0,65.0,60.0,0.0
Argentina,1990.0,0.0,64.0,80.0,72.0,0.0
Armenia,2015.0,0.0,21.0,31.0,25.0,0.0
Armenia,2010.0,99.5,0.0,0.0,0.0,6620.0
Armenia,2e3,0.0,35.0,46.0,40.0,2380.0
Armenia,1990.0,0.0,51.0,65.0,58.0,2330.0
Australia,2015.0,0.0,5.0,7.0,6.0,0.0
Australia,2013.0,99.3,0.0,0.0,0.0,42540.0
Australia,2e3,0.0,8.0,10.0,9.0,25580.0
Australia,1990.0,0.0,7.0,9.0,8.0,16820.0
Austria,2015.0,0.0,3.0,5.0,4.0,0.0
Austria,2014.0,98.5,0.0,0.0,0.0,0.0
Austria,2e3,0.0,4.0,6.0,5.0,28450.0
Austria,1990.0,0.0,7.0,10.0,8.0,19180.0
Azerbaijan,2015.0,0.0,17.0,35.0,25.0,0.0
Azerbaijan,2011.0,97.2,0.0,0.0,0.0,14590.0
Azerbaijan,2e3,0.0,42.0,55.0,48.0,3350.0
Azerbaijan,1990.0,0.0,56.0,74.0,64.0,0.0
Bahamas,2015.0,0.0,53.0,124.0,80.0,0.0
Bahamas,2013.0,98.0,0.0,0.0,0.0,0.0
Bahamas,2e3,0.0,50.0,74.0,61.0,20020.0
Bahamas,1990.0,0.0,34.0,61.0,46.0,17480.0
Bahrain,2015.0,0.0,12.0,19.0,15.0,0.0
Bahrain,2013.0,99.8,0.0,0.0,0.0,0.0
Bahrain,2e3,0.0,18.0,26.0,21.0,34880.0
Bahrain,1990.0,0.0,20.0,33.0,26.0,19200.0
Bangladesh,2015.0,0.0,125.0,280.0,176.0,0.0
Bangladesh,2014.0,41.7,0.0,0.0,0.0,0.0
Bangladesh,2e3,0.0,322.0,496.0,399.0,1140.0
Bangladesh,1990.0,0.0,446.0,715.0,569.0,710.0
Barbados,2015.0,0.0,19.0,37.0,27.0,0.0
Barbados,2012.0,98.9,0.0,0.0,0.0,15080.0
Barbados,2e3,0.0,38.0,58.0,48.0,11320.0
Barbados,1990.0,0.0,47.0,72.0,58.0,8250.0
Belarus,2015.0,0.0,3.0,6.0,4.0,0.0
Belarus,2012.0,100.0,0.0,0.0,0.0,16800.0
Belarus,2e3,0.0,22.0,31.0,26.0,5770.0
Belarus,1990.0,0.0,28.0,38.0,33.0,5230.0
Belgium,2015.0,0.0,5.0,10.0,7.0,0.0
Belgium,2e3,0.0,8.0,11.0,9.0,28310.0
Belgium,1990.0,0.0,7.0,10.0,9.0,18650.0
Belize,2015.0,0.0,20.0,36.0,28.0,0.0
Belize,2011.0,95.1,0.0,0.0,0.0,7940.0
Belize,2e3,0.0,45.0,62.0,53.0,6160.0
Belize,1990.0,0.0,45.0,65.0,54.0,3280.0
Benin,2015.0,0.0,279.0,633.0,405.0,0.0
Benin,2014.0,77.2,0.0,0.0,0.0,0.0
Benin,2e3,0.0,448.0,732.0,572.0,1200.0
Benin,1990.0,0.0,453.0,726.0,576.0,860.0
Bhutan,2015.0,0.0,101.0,241.0,148.0,0.0
Bhutan,2012.0,74.6,0.0,0.0,0.0,6960.0
Bhutan,2e3,0.0,328.0,538.0,423.0,2860.0
Bhutan,1990.0,0.0,697.0,1260.0,945.0,1420.0
Bolivia (Plurinational State of),2015.0,0.0,140.0,351.0,206.0,0.0
Bolivia (Plurinational State of),2012.0,85.1,0.0,0.0,0.0,5400.0
Bolivia (Plurinational State of),2e3,0.0,272.0,416.0,334.0,3340.0
Bolivia (Plurinational State of),1990.0,0.0,340.0,527.0,425.0,2300.0
Bosnia and Herzegovina,2015.0,0.0,7.0,17.0,11.0,0.0
Bosnia and Herzegovina,2014.0,99.9,0.0,0.0,0.0,0.0
Bosnia and Herzegovina,2e3,0.0,12.0,24.0,17.0,4840.0
Bosnia and Herzegovina,1990.0,0.0,23.0,33.0,28.0,0.0
Botswana,2015.0,0.0,102.0,172.0,129.0,0.0
Botswana,2013.0,99.9,0.0,0.0,0.0,15500.0
Botswana,2e3,0.0,261.0,361.0,311.0,7620.0
Botswana,1990.0,0.0,149.0,352.0,243.0,5070.0
Brazil,2015.0,0.0,36.0,54.0,44.0,0.0
Brazil,2013.0,99.1,0.0,0.0,0.0,14750.0
Brazil,2e3,0.0,64.0,67.0,66.0,8500.0
Brazil,1990.0,0.0,91.0,119.0,104.0,6300.0
Brunei Darussalam,2015.0,0.0,15.0,30.0,23.0,0.0
Brunei Darussalam,2013.0,99.7,0.0,0.0,0.0,0.0
Brunei Darussalam,2e3,0.0,25.0,39.0,31.0,59100.0
Brunei Darussalam,1990.0,0.0,25.0,48.0,35.0,49930.0
Bulgaria,2015.0,0.0,8.0,14.0,11.0,0.0
Bulgaria,2014.0,93.7,0.0,0.0,0.0,0.0
Bulgaria,2e3,0.0,18.0,25.0,21.0,6080.0
Bulgaria,1990.0,0.0,21.0,29.0,25.0,4970.0
Burkina Faso,2015.0,0.0,257.0,509.0,371.0,0.0
Burkina Faso,2010.0,65.9,0.0,0.0,0.0,1390.0
Burkina Faso,2e3,0.0,432.0,686.0,547.0,840.0
Burkina Faso,1990.0,0.0,549.0,978.0,727.0,540.0
Burundi,2015.0,0.0,471.0,1050.0,712.0,0.0
Burundi,2010.0,60.3,0.0,0.0,0.0,710.0
Burundi,2e3,0.0,682.0,1310.0,954.0,580.0
Burundi,1990.0,0.0,848.0,1760.0,1220.0,670.0
Cote d'Ivoire,2015.0,0.0,458.0,909.0,645.0,0.0
Cote d'Ivoire,2011.0,56.4,0.0,0.0,0.0,2460.0
Cote d'Ivoire,2e3,0.0,522.0,856.0,671.0,2160.0
Cote d'Ivoire,1990.0,0.0,577.0,964.0,745.0,1710.0
Cabo Verde,2015.0,0.0,20.0,95.0,42.0,0.0
Cabo Verde,2013.0,92.3,0.0,0.0,0.0,6220.0
Cabo Verde,2e3,0.0,45.0,162.0,83.0,2910.0
Cabo Verde,1990.0,0.0,141.0,460.0,256.0,1050.0
Cambodia,2015.0,0.0,117.0,213.0,161.0,0.0
Cambodia,2014.0,89.0,0.0,0.0,0.0,0.0
Cambodia,2e3,0.0,396.0,596.0,484.0,1050.0
Cambodia,1990.0,0.0,727.0,1350.0,1020.0,0.0
Cameroon,2015.0,0.0,440.0,881.0,596.0,0.0
Cameroon,2014.0,64.7,0.0,0.0,0.0,0.0
Cameroon,2e3,0.0,615.0,918.0,750.0,1710.0
Cameroon,1990.0,0.0,566.0,926.0,728.0,1640.0
Canada,2015.0,0.0,5.0,9.0,7.0,0.0
Canada,2011.0,98.4,0.0,0.0,0.0,40570.0
Canada,2e3,0.0,9.0,10.0,9.0,28240.0
Canada,1990.0,0.0,7.0,8.0,7.0,19150.0
Central African Republic,2015.0,0.0,508.0,1500.0,882.0,0.0
Central African Republic,2010.0,40.0,0.0,0.0,0.0,880.0
Central African Republic,2e3,0.0,836.0,1750.0,1200.0,550.0
Central African Republic,1990.0,0.0,979.0,1720.0,1290.0,500.0
Chad,2015.0,0.0,560.0,1350.0,856.0,0.0
Chad,2014.0,24.3,0.0,0.0,0.0,0.0
Chad,2e3,0.0,1070.0,1790.0,1370.0,730.0
Chad,1990.0,0.0,1100.0,1900.0,1450.0,710.0
Chile,2015.0,0.0,18.0,26.0,22.0,0.0
Chile,2013.0,99.8,0.0,0.0,0.0,21030.0
Chile,2e3,0.0,27.0,34.0,31.0,9320.0
Chile,1990.0,0.0,51.0,64.0,57.0,4140.0
China,2015.0,0.0,22.0,32.0,27.0,0.0
China,2014.0,99.9,0.0,0.0,0.0,0.0
China,2e3,0.0,52.0,65.0,58.0,2830.0
China,1990.0,0.0,80.0,117.0,97.0,1010.0
Colombia,2015.0,0.0,56.0,81.0,64.0,0.0
Colombia,2013.0,98.7,0.0,0.0,0.0,11890.0
Colombia,2e3,0.0,90.0,104.0,97.0,6520.0
Colombia,1990.0,0.0,94.0,142.0,118.0,4760.0
Comoros,2015.0,0.0,207.0,536.0,335.0,0.0
Comoros,2012.0,82.2,0.0,0.0,0.0,1520.0
Comoros,2e3,0.0,324.0,765.0,499.0,1250.0
Comoros,1990.0,0.0,414.0,961.0,635.0,1170.0
Congo,2015.0,0.0,300.0,638.0,442.0,0.0
Congo,2014.0,94.4,0.0,0.0,0.0,0.0
Congo,2e3,0.0,492.0,864.0,653.0,2590.0
Congo,1990.0,0.0,421.0,857.0,603.0,2830.0
Cook Islands,2009.0,100.0,0.0,0.0,0.0,0.0
Costa Rica,2015.0,0.0,20.0,29.0,25.0,0.0
Costa Rica,2014.0,99.2,0.0,0.0,0.0,0.0
Costa Rica,2e3,0.0,35.0,43.0,38.0,6990.0
Costa Rica,1990.0,0.0,38.0,48.0,43.0,4590.0
Croatia,2015.0,0.0,6.0,11.0,8.0,0.0
Croatia,2014.0,99.9,0.0,0.0,0.0,0.0
Croatia,2e3,0.0,9.0,13.0,11.0,10730.0
Croatia,1990.0,0.0,8.0,12.0,10.0,0.0
Cuba,2015.0,0.0,33.0,47.0,39.0,0.0
Cuba,2014.0,99.4,0.0,0.0,0.0,0.0
Cuba,2e3,0.0,39.0,47.0,43.0,8670.0
Cuba,1990.0,0.0,51.0,65.0,58.0,8580.0
Cyprus,2015.0,0.0,4.0,12.0,7.0,0.0
Cyprus,2013.0,99.9,0.0,0.0,0.0,28830.0
Cyprus,2e3,0.0,9.0,25.0,15.0,18190.0
Cyprus,1990.0,0.0,10.0,26.0,16.0,12500.0
Czech Republic,2015.0,0.0,3.0,6.0,4.0,0.0
Czech Republic,2013.0,99.8,0.0,0.0,0.0,25530.0
Czech Republic,2e3,0.0,6.0,8.0,7.0,15320.0
Czech Republic,1990.0,0.0,12.0,17.0,14.0,0.0
Democratic People's Republic of Korea,2015.0,0.0,37.0,190.0,82.0,0.0
Democratic People's Republic of Korea,2009.0,100.0,0.0,0.0,0.0,0.0
Democratic People's Republic of Korea,2e3,0.0,63.0,262.0,128.0,0.0
Democratic People's Republic of Korea,1990.0,0.0,40.0,144.0,75.0,0.0
Democratic Republic of the Congo,2015.0,0.0,509.0,1010.0,693.0,0.0
Democratic Republic of the Congo,2013.0,80.1,0.0,0.0,0.0,680.0
Democratic Republic of the Congo,2e3,0.0,639.0,1160.0,874.0,410.0
Democratic Republic of the Congo,1990.0,0.0,610.0,1250.0,879.0,750.0
Denmark,2015.0,0.0,5.0,9.0,6.0,0.0
Denmark,2012.0,98.2,0.0,0.0,0.0,43200.0
Denmark,2e3,0.0,8.0,10.0,9.0,28240.0
Denmark,1990.0,0.0,9.0,12.0,11.0,17980.0
Djibouti,2015.0,0.0,111.0,482.0,229.0,0.0
Djibouti,2012.0,87.4,0.0,0.0,0.0,0.0
Djibouti,2e3,0.0,218.0,759.0,401.0,1700.0
Djibouti,1990.0,0.0,291.0,907.0,517.0,0.0
Dominica,2014.0,100.0,0.0,0.0,0.0,0.0
Dominican Republic,2015.0,0.0,77.0,111.0,92.0,0.0
Dominican Republic,2014.0,97.7,0.0,0.0,0.0,0.0
Dominican Republic,2e3,0.0,74.0,83.0,79.0,5460.0
Dominican Republic,1990.0,0.0,133.0,292.0,198.0,2950.0
Ecuador,2015.0,0.0,57.0,71.0,64.0,0.0
Ecuador,2014.0,96.3,0.0,0.0,0.0,0.0
Ecuador,2e3,0.0,91.0,116.0,103.0,5310.0
Ecuador,1990.0,0.0,164.0,211.0,185.0,4380.0
Egypt,2015.0,0.0,26.0,39.0,33.0,0.0
Egypt,2014.0,91.5,0.0,0.0,0.0,0.0
Egypt,2e3,0.0,56.0,71.0,63.0,6260.0
Egypt,1990.0,0.0,90.0,128.0,106.0,3800.0
El Salvador,2015.0,0.0,40.0,69.0,54.0,0.0
El Salvador,2014.0,98.0,0.0,0.0,0.0,0.0
El Salvador,2e3,0.0,75.0,95.0,84.0,4880.0
El Salvador,1990.0,0.0,134.0,185.0,157.0,2820.0
Equatorial Guinea,2015.0,0.0,207.0,542.0,342.0,0.0
Equatorial Guinea,2011.0,68.3,0.0,0.0,0.0,27630.0
Equatorial Guinea,2e3,0.0,457.0,1060.0,702.0,6030.0
Equatorial Guinea,1990.0,0.0,819.0,2080.0,1310.0,730.0
Eritrea,2015.0,0.0,332.0,750.0,501.0,0.0
Eritrea,2010.0,34.1,0.0,0.0,0.0,1050.0
Eritrea,2e3,0.0,527.0,995.0,733.0,1150.0
Eritrea,1990.0,0.0,1160.0,2150.0,1590.0,0.0
Estonia,2015.0,0.0,6.0,14.0,9.0,0.0
Estonia,2014.0,99.4,0.0,0.0,0.0,0.0
Estonia,2e3,0.0,21.0,31.0,26.0,9380.0
Estonia,1990.0,0.0,35.0,51.0,42.0,0.0
Ethiopia,2015.0,0.0,247.0,567.0,353.0,0.0
Ethiopia,2014.0,15.5,0.0,0.0,0.0,0.0
Ethiopia,2e3,0.0,718.0,1100.0,897.0,480.0
Ethiopia,1990.0,0.0,906.0,1640.0,1250.0,410.0
Fiji,2015.0,0.0,23.0,41.0,30.0,0.0
Fiji,2013.0,98.8,0.0,0.0,0.0,7610.0
Fiji,2e3,0.0,33.0,53.0,42.0,5560.0
Fiji,1990.0,0.0,47.0,98.0,63.0,3790.0
Finland,2015.0,0.0,2.0,3.0,3.0,0.0
Finland,2014.0,99.7,0.0,0.0,0.0,0.0
Finland,2e3,0.0,4.0,6.0,5.0,25500.0
Finland,1990.0,0.0,5.0,7.0,6.0,17090.0
France,2015.0,0.0,7.0,10.0,8.0,0.0
France,2013.0,98.3,0.0,0.0,0.0,37580.0
France,2e3,0.0,11.0,13.0,12.0,25560.0
France,1990.0,0.0,13.0,16.0,15.0,17130.0
Gabon,2015.0,0.0,197.0,442.0,291.0,0.0
Gabon,2012.0,89.3,0.0,0.0,0.0,16490.0
Gabon,2e3,0.0,298.0,550.0,405.0,11710.0
Gabon,1990.0,0.0,290.0,599.0,422.0,11120.0
Gambia,2015.0,0.0,484.0,1030.0,706.0,0.0
Gambia,2013.0,57.2,0.0,0.0,0.0,1620.0
Gambia,2e3,0.0,609.0,1250.0,887.0,1190.0
Gambia,1990.0,0.0,672.0,1490.0,1030.0,900.0
Georgia,2015.0,0.0,28.0,47.0,36.0,0.0
Georgia,2014.0,99.9,0.0,0.0,0.0,0.0
Georgia,2e3,0.0,30.0,44.0,37.0,2700.0
Georgia,1990.0,0.0,29.0,40.0,34.0,5210.0
Germany,2015.0,0.0,5.0,8.0,6.0,0.0
Germany,2014.0,98.5,0.0,0.0,0.0,0.0
Germany,2e3,0.0,7.0,9.0,8.0,25510.0
Germany,1990.0,0.0,10.0,13.0,11.0,18750.0
Ghana,2015.0,0.0,216.0,458.0,319.0,0.0
Ghana,2014.0,70.8,0.0,0.0,0.0,0.0
Ghana,2e3,0.0,342.0,645.0,467.0,1720.0
Ghana,1990.0,0.0,436.0,911.0,634.0,1200.0
Greece,2015.0,0.0,2.0,4.0,3.0,0.0
Greece,2e3,0.0,3.0,4.0,4.0,18340.0
Greece,1990.0,0.0,4.0,6.0,5.0,12950.0
Grenada,2015.0,0.0,19.0,42.0,27.0,0.0
Grenada,2014.0,99.0,0.0,0.0,0.0,0.0
Grenada,2e3,0.0,21.0,38.0,29.0,7210.0
Grenada,1990.0,0.0,30.0,53.0,41.0,4580.0
Guatemala,2015.0,0.0,77.0,100.0,88.0,0.0
Guatemala,2014.0,65.5,0.0,0.0,0.0,0.0
Guatemala,2e3,0.0,170.0,186.0,178.0,4950.0
Guatemala,1990.0,0.0,194.0,217.0,205.0,3370.0
Guinea,2015.0,0.0,504.0,927.0,679.0,0.0
Guinea,2012.0,45.3,0.0,0.0,0.0,1140.0
Guinea,2e3,0.0,787.0,1200.0,976.0,880.0
Guinea,1990.0,0.0,782.0,1360.0,1040.0,690.0
Guinea-Bissau,2015.0,0.0,273.0,1090.0,549.0,0.0
Guinea-Bissau,2014.0,45.0,0.0,0.0,0.0,0.0
Guinea-Bissau,2e3,0.0,417.0,1450.0,800.0,560.0
Guinea-Bissau,1990.0,0.0,512.0,1540.0,907.0,930.0
Guyana,2015.0,0.0,184.0,301.0,229.0,0.0
Guyana,2014.0,92.4,0.0,0.0,0.0,0.0
Guyana,2e3,0.0,185.0,241.0,210.0,3730.0
Guyana,1990.0,0.0,141.0,197.0,171.0,1450.0
Haiti,2015.0,0.0,236.0,601.0,359.0,0.0
Haiti,2012.0,37.3,0.0,0.0,0.0,1640.0
Haiti,2e3,0.0,386.0,664.0,505.0,0.0
Haiti,1990.0,0.0,434.0,842.0,625.0,0.0
Honduras,2015.0,0.0,99.0,166.0,129.0,0.0
Honduras,2011.0,82.8,0.0,0.0,0.0,4110.0
Honduras,2e3,0.0,115.0,154.0,133.0,2680.0
Honduras,1990.0,0.0,256.0,290.0,272.0,1900.0
Hungary,2015.0,0.0,12.0,22.0,17.0,0.0
Hungary,2010.0,99.1,0.0,0.0,0.0,20140.0
Hungary,2e3,0.0,12.0,18.0,15.0,11310.0
Hungary,1990.0,0.0,21.0,28.0,24.0,8540.0
Iceland,2015.0,0.0,2.0,6.0,3.0,0.0
Iceland,2e3,0.0,3.0,7.0,5.0,28070.0
Iceland,1990.0,0.0,5.0,9.0,7.0,20580.0
India,2015.0,0.0,139.0,217.0,174.0,0.0
India,2013.0,74.4,0.0,0.0,0.0,5350.0
India,2e3,0.0,324.0,437.0,374.0,2040.0
India,1990.0,0.0,445.0,685.0,556.0,1160.0
Indonesia,2015.0,0.0,93.0,179.0,126.0,0.0
Indonesia,2013.0,87.4,0.0,0.0,0.0,9260.0
Indonesia,2e3,0.0,213.0,324.0,265.0,4010.0
Indonesia,1990.0,0.0,347.0,564.0,446.0,2660.0
Iran (Islamic Republic of),2015.0,0.0,21.0,31.0,25.0,0.0
Iran (Islamic Republic of),2010.0,96.4,0.0,0.0,0.0,0.0
Iran (Islamic Republic of),2e3,0.0,43.0,60.0,51.0,8490.0
Iran (Islamic Republic of),1990.0,0.0,98.0,171.0,123.0,5620.0
Iraq,2015.0,0.0,35.0,69.0,50.0,0.0
Iraq,2011.0,90.9,0.0,0.0,0.0,13620.0
Iraq,2e3,0.0,50.0,79.0,63.0,0.0
Iraq,1990.0,0.0,79.0,151.0,107.0,0.0
Ireland,2015.0,0.0,6.0,11.0,8.0,0.0
Ireland,2013.0,99.8,0.0,0.0,0.0,0.0
Ireland,2e3,0.0,8.0,11.0,9.0,24930.0
Ireland,1990.0,0.0,9.0,13.0,11.0,12050.0
Israel,2015.0,0.0,4.0,6.0,5.0,0.0
Israel,2e3,0.0,7.0,9.0,8.0,21480.0
Israel,1990.0,0.0,10.0,13.0,11.0,13100.0
Italy,2015.0,0.0,3.0,5.0,4.0,0.0
Italy,2013.0,99.9,0.0,0.0,0.0,34100.0
Italy,2e3,0.0,4.0,6.0,5.0,25590.0
Italy,1990.0,0.0,7.0,9.0,8.0,17360.0
Jamaica,2015.0,0.0,70.0,115.0,89.0,0.0
Jamaica,2011.0,98.6,0.0,0.0,0.0,8170.0
Jamaica,2e3,0.0,79.0,100.0,89.0,6210.0
Jamaica,1990.0,0.0,64.0,97.0,79.0,4330.0
Japan,2015.0,0.0,4.0,7.0,5.0,0.0
Japan,2014.0,99.8,0.0,0.0,0.0,0.0
Japan,2e3,0.0,9.0,11.0,10.0,26260.0
Japan,1990.0,0.0,12.0,15.0,14.0,19370.0
Jordan,2015.0,0.0,44.0,75.0,58.0,0.0
Jordan,2012.0,99.6,0.0,0.0,0.0,11390.0
Jordan,2e3,0.0,66.0,92.0,77.0,6180.0
Jordan,1990.0,0.0,88.0,140.0,110.0,4340.0
Kazakhstan,2015.0,0.0,10.0,15.0,12.0,0.0
Kazakhstan,2010.0,99.5,0.0,0.0,0.0,16710.0
Kazakhstan,2e3,0.0,57.0,75.0,65.0,7170.0
Kazakhstan,1990.0,0.0,69.0,88.0,78.0,0.0
Kenya,2015.0,0.0,344.0,754.0,510.0,0.0
Kenya,2014.0,61.8,0.0,0.0,0.0,0.0
Kenya,2e3,0.0,615.0,947.0,759.0,1420.0
Kenya,1990.0,0.0,518.0,899.0,687.0,1250.0
Kiribati,2015.0,0.0,51.0,152.0,90.0,0.0
Kiribati,2009.0,79.8,0.0,0.0,0.0,2430.0
Kiribati,2e3,0.0,113.0,241.0,166.0,2320.0
Kiribati,1990.0,0.0,169.0,330.0,234.0,1600.0
Kuwait,2015.0,0.0,3.0,6.0,4.0,0.0
Kuwait,2013.0,99.9,0.0,0.0,0.0,0.0
Kuwait,2e3,0.0,6.0,8.0,7.0,75580.0
Kuwait,1990.0,0.0,5.0,8.0,7.0,0.0
Kyrgyzstan,2015.0,0.0,59.0,96.0,76.0,0.0
Kyrgyzstan,2014.0,98.4,0.0,0.0,0.0,0.0
Kyrgyzstan,2e3,0.0,64.0,84.0,74.0,1550.0
Kyrgyzstan,1990.0,0.0,71.0,90.0,80.0,2250.0
Lao People's Democratic Republic,2015.0,0.0,136.0,307.0,197.0,0.0
Lao People's Democratic Republic,2011.0,40.1,0.0,0.0,0.0,3840.0
Lao People's Democratic Republic,2e3,0.0,417.0,720.0,546.0,1770.0
Lao People's Democratic Republic,1990.0,0.0,638.0,1230.0,905.0,1050.0
Latvia,2015.0,0.0,13.0,26.0,18.0,0.0
Latvia,2014.0,98.1,0.0,0.0,0.0,0.0
Latvia,2e3,0.0,25.0,35.0,30.0,8050.0
Latvia,1990.0,0.0,41.0,57.0,48.0,7810.0
Lebanon,2015.0,0.0,10.0,22.0,15.0,0.0
Lebanon,2004.0,98.2,0.0,0.0,0.0,10250.0
Lebanon,2e3,0.0,30.0,59.0,42.0,9970.0
Lebanon,1990.0,0.0,50.0,109.0,74.0,6110.0
Lesotho,2015.0,0.0,310.0,871.0,487.0,0.0
Lesotho,2014.0,77.9,0.0,0.0,0.0,0.0
Lesotho,2e3,0.0,492.0,861.0,649.0,1710.0
Lesotho,1990.0,0.0,422.0,908.0,629.0,1410.0
Liberia,2015.0,0.0,527.0,1030.0,725.0,0.0
Liberia,2013.0,61.1,0.0,0.0,0.0,790.0
Liberia,2e3,0.0,972.0,1620.0,1270.0,360.0
Liberia,1990.0,0.0,1030.0,1980.0,1500.0,0.0
Libya,2015.0,0.0,6.0,15.0,9.0,0.0
Libya,2013.0,99.9,0.0,0.0,0.0,0.0
Libya,2e3,0.0,11.0,27.0,17.0,0.0
Libya,1990.0,0.0,22.0,67.0,39.0,0.0
Lithuania,2015.0,0.0,7.0,14.0,10.0,0.0
Lithuania,2006.0,100.0,0.0,0.0,0.0,16430.0
Lithuania,2e3,0.0,14.0,20.0,16.0,8480.0
Lithuania,1990.0,0.0,24.0,34.0,29.0,9300.0
Luxembourg,2015.0,0.0,7.0,16.0,10.0,0.0
Luxembourg,2009.0,99.9,0.0,0.0,0.0,52190.0
Luxembourg,2e3,0.0,10.0,16.0,13.0,46800.0
Luxembourg,1990.0,0.0,9.0,15.0,12.0,28820.0
Madagascar,2015.0,0.0,256.0,484.0,353.0,0.0
Madagascar,2012.0,44.3,0.0,0.0,0.0,1340.0
Madagascar,2e3,0.0,441.0,657.0,536.0,1130.0
Madagascar,1990.0,0.0,625.0,963.0,778.0,1040.0
Malawi,2015.0,0.0,422.0,1080.0,634.0,0.0
Malawi,2013.0,87.4,0.0,0.0,0.0,750.0
Malawi,2e3,0.0,703.0,1140.0,890.0,490.0
Malawi,1990.0,0.0,726.0,1240.0,957.0,340.0
Malaysia,2015.0,0.0,32.0,53.0,40.0,0.0
Malaysia,2014.0,99.0,0.0,0.0,0.0,0.0
Malaysia,2e3,0.0,50.0,66.0,58.0,11440.0
Malaysia,1990.0,0.0,57.0,99.0,79.0,6300.0
Maldives,2015.0,0.0,45.0,108.0,68.0,0.0
Maldives,2012.0,95.5,0.0,0.0,0.0,9310.0
Maldives,2e3,0.0,120.0,221.0,163.0,0.0
Maldives,1990.0,0.0,411.0,1040.0,677.0,0.0
Mali,2015.0,0.0,448.0,823.0,587.0,0.0
Mali,2012.0,57.1,0.0,0.0,0.0,1550.0
Mali,2e3,0.0,682.0,997.0,834.0,990.0
Mali,1990.0,0.0,802.0,1260.0,1010.0,710.0
Malta,2015.0,0.0,6.0,15.0,9.0,0.0
Malta,2013.0,99.9,0.0,0.0,0.0,28030.0
Malta,2e3,0.0,11.0,20.0,15.0,18590.0
Malta,1990.0,0.0,10.0,17.0,13.0,11740.0
Marshall Islands,2011.0,90.1,0.0,0.0,0.0,4260.0
Mauritania,2015.0,0.0,399.0,984.0,602.0,0.0
Mauritania,2011.0,65.1,0.0,0.0,0.0,2610.0
Mauritania,2e3,0.0,596.0,1100.0,813.0,1760.0
Mauritania,1990.0,0.0,566.0,1230.0,859.0,1350.0
Mauritius,2015.0,0.0,38.0,77.0,53.0,0.0
Mauritius,2014.0,99.8,0.0,0.0,0.0,0.0
Mauritius,2e3,0.0,33.0,49.0,40.0,8950.0
Mauritius,1990.0,0.0,68.0,95.0,81.0,4860.0
Mexico,2015.0,0.0,34.0,42.0,38.0,0.0
Mexico,2014.0,98.7,0.0,0.0,0.0,0.0
Mexico,2e3,0.0,75.0,78.0,77.0,9990.0
Mexico,1990.0,0.0,88.0,92.0,90.0,5800.0
Micronesia (Federated States of),2015.0,0.0,46.0,211.0,100.0,0.0
Micronesia (Federated States of),2009.0,100.0,0.0,0.0,0.0,3330.0
Micronesia (Federated States of),2e3,0.0,77.0,298.0,153.0,2580.0
Micronesia (Federated States of),1990.0,0.0,99.0,315.0,183.0,0.0
Mongolia,2015.0,0.0,35.0,55.0,44.0,0.0
Mongolia,2013.0,98.9,0.0,0.0,0.0,8810.0
Mongolia,2e3,0.0,140.0,186.0,161.0,3090.0
Mongolia,1990.0,0.0,144.0,239.0,186.0,2740.0
Montenegro,2015.0,0.0,4.0,12.0,7.0,0.0
Montenegro,2013.0,99.0,0.0,0.0,0.0,14600.0
Montenegro,2e3,0.0,7.0,17.0,11.0,6880.0
Montenegro,1990.0,0.0,6.0,16.0,10.0,0.0
Morocco,2015.0,0.0,93.0,142.0,121.0,0.0
Morocco,2011.0,73.6,0.0,0.0,0.0,6490.0
Morocco,2e3,0.0,186.0,279.0,221.0,3420.0
Morocco,1990.0,0.0,241.0,387.0,317.0,2550.0
Mozambique,2015.0,0.0,360.0,686.0,489.0,0.0
Mozambique,2011.0,54.3,0.0,0.0,0.0,910.0
Mozambique,2e3,0.0,706.0,1160.0,915.0,410.0
Mozambique,1990.0,0.0,992.0,1880.0,1390.0,260.0
Myanmar,2015.0,0.0,121.0,284.0,178.0,0.0
Myanmar,2009.0,77.9,0.0,0.0,0.0,0.0
Myanmar,2e3,0.0,234.0,408.0,308.0,0.0
Myanmar,1990.0,0.0,317.0,636.0,453.0,0.0
Namibia,2015.0,0.0,172.0,423.0,265.0,0.0
Namibia,2013.0,88.2,0.0,0.0,0.0,9590.0
Namibia,2e3,0.0,275.0,453.0,352.0,4930.0
Namibia,1990.0,0.0,250.0,449.0,338.0,3780.0
Nauru,2007.0,97.4,0.0,0.0,0.0,0.0
Nepal,2015.0,0.0,176.0,425.0,258.0,0.0
Nepal,2014.0,48.2,0.0,0.0,0.0,0.0
Nepal,2e3,0.0,412.0,713.0,548.0,1260.0
Nepal,1990.0,0.0,683.0,1200.0,901.0,810.0
Netherlands,2015.0,0.0,5.0,9.0,7.0,0.0
Netherlands,2e3,0.0,13.0,15.0,14.0,30070.0
Netherlands,1990.0,0.0,10.0,13.0,12.0,17490.0
New Zealand,2015.0,0.0,9.0,14.0,11.0,0.0
New Zealand,2014.0,96.6,0.0,0.0,0.0,0.0
New Zealand,2e3,0.0,10.0,14.0,12.0,20090.0
New Zealand,1990.0,0.0,16.0,21.0,18.0,14200.0
Nicaragua,2015.0,0.0,115.0,196.0,150.0,0.0
Nicaragua,2011.0,88.0,0.0,0.0,0.0,4110.0
Nicaragua,2e3,0.0,174.0,234.0,202.0,2620.0
Nicaragua,1990.0,0.0,142.0,210.0,173.0,1920.0
Niger,2015.0,0.0,411.0,752.0,553.0,0.0
Niger,2012.0,29.3,0.0,0.0,0.0,880.0
Niger,2e3,0.0,639.0,996.0,794.0,610.0
Niger,1990.0,0.0,691.0,1090.0,873.0,590.0
Nigeria,2015.0,0.0,596.0,1180.0,814.0,0.0
Nigeria,2013.0,35.2,0.0,0.0,0.0,5360.0
Nigeria,2e3,0.0,866.0,1520.0,1170.0,1940.0
Nigeria,1990.0,0.0,893.0,1820.0,1350.0,1770.0
Niue,2010.0,100.0,0.0,0.0,0.0,0.0
Norway,2015.0,0.0,4.0,6.0,5.0,0.0
Norway,2014.0,99.1,0.0,0.0,0.0,0.0
Norway,2e3,0.0,6.0,8.0,7.0,35690.0
Norway,1990.0,0.0,6.0,8.0,7.0,17370.0
Oman,2015.0,0.0,13.0,24.0,17.0,0.0
Oman,2014.0,99.1,0.0,0.0,0.0,0.0
Oman,2e3,0.0,18.0,24.0,20.0,29010.0
Oman,1990.0,0.0,24.0,38.0,30.0,18490.0
Pakistan,2015.0,0.0,111.0,283.0,178.0,0.0
Pakistan,2012.0,52.1,0.0,0.0,0.0,4670.0
Pakistan,2e3,0.0,208.0,446.0,306.0,2640.0
Pakistan,1990.0,0.0,288.0,656.0,431.0,2e3
Palau,2014.0,100.0,0.0,0.0,0.0,0.0
Panama,2015.0,0.0,77.0,121.0,94.0,0.0
Panama,2013.0,91.4,0.0,0.0,0.0,19290.0
Panama,2e3,0.0,72.0,92.0,82.0,7480.0
Panama,1990.0,0.0,86.0,119.0,102.0,4600.0
Papua New Guinea,2015.0,0.0,98.0,457.0,215.0,0.0
Papua New Guinea,2013.0,43.0,0.0,0.0,0.0,2430.0
Papua New Guinea,2e3,0.0,177.0,682.0,342.0,1380.0
Papua New Guinea,1990.0,0.0,265.0,843.0,470.0,1e3
Paraguay,2015.0,0.0,107.0,163.0,132.0,0.0
Paraguay,2013.0,95.7,0.0,0.0,0.0,7640.0
Paraguay,2e3,0.0,142.0,176.0,158.0,4140.0
Paraguay,1990.0,0.0,124.0,178.0,150.0,0.0
Peru,2015.0,0.0,54.0,80.0,68.0,0.0
Peru,2014.0,89.9,0.0,0.0,0.0,0.0
Peru,2e3,0.0,124.0,164.0,140.0,5e3
Peru,1990.0,0.0,207.0,325.0,251.0,3290.0
Philippines,2015.0,0.0,87.0,175.0,114.0,0.0
Philippines,2013.0,72.8,0.0,0.0,0.0,7820.0
Philippines,2e3,0.0,110.0,138.0,124.0,3950.0
Philippines,1990.0,0.0,126.0,175.0,152.0,2550.0
Poland,2015.0,0.0,2.0,4.0,3.0,0.0
Poland,2014.0,99.8,0.0,0.0,0.0,0.0
Poland,2e3,0.0,7.0,10.0,8.0,10540.0
Poland,1990.0,0.0,15.0,19.0,17.0,0.0
Portugal,2015.0,0.0,9.0,13.0,10.0,0.0
Portugal,2014.0,98.9,0.0,0.0,0.0,0.0
Portugal,2e3,0.0,12.0,15.0,13.0,17340.0
Portugal,1990.0,0.0,15.0,20.0,17.0,10960.0
Qatar,2015.0,0.0,9.0,19.0,13.0,0.0
Qatar,2012.0,100.0,0.0,0.0,0.0,121750.0
Qatar,2e3,0.0,17.0,33.0,24.0,0.0
Qatar,1990.0,0.0,18.0,43.0,29.0,0.0
Republic of Korea,2015.0,0.0,9.0,13.0,11.0,0.0
Republic of Korea,2012.0,99.8,0.0,0.0,0.0,32150.0
Republic of Korea,2e3,0.0,14.0,18.0,16.0,17990.0
Republic of Korea,1990.0,0.0,19.0,24.0,21.0,8600.0
Republic of Moldova,2015.0,0.0,19.0,28.0,23.0,0.0
Republic of Moldova,2012.0,99.2,0.0,0.0,0.0,4710.0
Republic of Moldova,2e3,0.0,43.0,56.0,49.0,1870.0
Republic of Moldova,1990.0,0.0,45.0,58.0,51.0,4160.0
Romania,2015.0,0.0,22.0,44.0,31.0,0.0
Romania,2008.0,98.7,0.0,0.0,0.0,15280.0
Romania,2e3,0.0,44.0,58.0,51.0,5670.0
Romania,1990.0,0.0,108.0,141.0,124.0,5160.0
Russian Federation,2015.0,0.0,18.0,33.0,25.0,0.0
Russian Federation,2008.0,99.6,0.0,0.0,0.0,19710.0
Russian Federation,2e3,0.0,50.0,64.0,57.0,6650.0
Russian Federation,1990.0,0.0,56.0,72.0,63.0,8e3
Rwanda,2015.0,0.0,208.0,389.0,290.0,0.0
Rwanda,2014.0,90.7,0.0,0.0,0.0,0.0
Rwanda,2e3,0.0,825.0,1230.0,1020.0,600.0
Rwanda,1990.0,0.0,943.0,1690.0,1300.0,550.0
Saint Kitts and Nevis,2014.0,100.0,0.0,0.0,0.0,0.0
Saint Lucia,2015.0,0.0,32.0,72.0,48.0,0.0
Saint Lucia,2012.0,98.7,0.0,0.0,0.0,10260.0
Saint Lucia,2e3,0.0,43.0,68.0,54.0,7060.0
Saint Lucia,1990.0,0.0,36.0,57.0,45.0,4720.0
Saint Vincent and the Grenadines,2015.0,0.0,34.0,63.0,45.0,0.0
Saint Vincent and the Grenadines,2014.0,99.0,0.0,0.0,0.0,0.0
Saint Vincent and the Grenadines,2e3,0.0,58.0,92.0,74.0,5720.0
Saint Vincent and the Grenadines,1990.0,0.0,47.0,75.0,58.0,3500.0
Samoa,2015.0,0.0,24.0,115.0,51.0,0.0
Samoa,2014.0,82.5,0.0,0.0,0.0,0.0
Samoa,2e3,0.0,48.0,181.0,93.0,3080.0
Samoa,1990.0,0.0,84.0,279.0,156.0,3090.0
Sao Tome and Principe,2015.0,0.0,83.0,268.0,156.0,0.0
Sao Tome and Principe,2014.0,92.5,0.0,0.0,0.0,0.0
Sao Tome and Principe,2e3,0.0,138.0,357.0,222.0,0.0
Sao Tome and Principe,1990.0,0.0,202.0,527.0,330.0,0.0
Saudi Arabia,2015.0,0.0,7.0,20.0,12.0,0.0
Saudi Arabia,2013.0,98.0,0.0,0.0,0.0,53780.0
Saudi Arabia,2e3,0.0,16.0,34.0,23.0,29490.0
Saudi Arabia,1990.0,0.0,32.0,67.0,46.0,24390.0
Senegal,2015.0,0.0,214.0,468.0,315.0,0.0
Senegal,2012.0,59.1,0.0,0.0,0.0,2180.0
Senegal,2e3,0.0,382.0,626.0,488.0,1490.0
Senegal,1990.0,0.0,425.0,688.0,540.0,1160.0
Serbia,2015.0,0.0,12.0,24.0,17.0,0.0
Serbia,2014.0,98.4,0.0,0.0,0.0,0.0
Serbia,2e3,0.0,13.0,21.0,17.0,5790.0
Serbia,1990.0,0.0,10.0,18.0,14.0,0.0
Seychelles,2012.0,99.0,0.0,0.0,0.0,22220.0
Sierra Leone,2015.0,0.0,999.0,1980.0,1360.0,0.0
Sierra Leone,2013.0,59.7,0.0,0.0,0.0,1750.0
Sierra Leone,2e3,0.0,1980.0,3460.0,2650.0,770.0
Sierra Leone,1990.0,0.0,1780.0,3640.0,2630.0,770.0
Singapore,2015.0,0.0,6.0,17.0,10.0,0.0
Singapore,2014.0,99.7,0.0,0.0,0.0,0.0
Singapore,2e3,0.0,15.0,22.0,18.0,40610.0
Singapore,1990.0,0.0,10.0,15.0,12.0,21930.0
Slovakia,2015.0,0.0,4.0,7.0,6.0,0.0
Slovakia,2008.0,99.5,0.0,0.0,0.0,22840.0
Slovakia,2e3,0.0,7.0,9.0,8.0,10960.0
Slovakia,1990.0,0.0,9.0,14.0,11.0,7680.0
Slovenia,2015.0,0.0,6.0,14.0,9.0,0.0
Slovenia,2012.0,99.8,0.0,0.0,0.0,27610.0
Slovenia,2e3,0.0,10.0,15.0,12.0,17590.0
Slovenia,1990.0,0.0,9.0,14.0,12.0,0.0
Solomon Islands,2015.0,0.0,75.0,175.0,114.0,0.0
Solomon Islands,2006.0,85.5,0.0,0.0,0.0,1540.0
Solomon Islands,2e3,0.0,146.0,321.0,214.0,1360.0
Solomon Islands,1990.0,0.0,241.0,550.0,364.0,790.0
Somalia,2015.0,0.0,361.0,1390.0,732.0,0.0
Somalia,2006.0,9.4,0.0,0.0,0.0,0.0
Somalia,2e3,0.0,594.0,1870.0,1080.0,0.0
Somalia,1990.0,0.0,707.0,1980.0,1210.0,0.0
South Africa,2015.0,0.0,124.0,154.0,138.0,0.0
South Africa,2008.0,94.3,0.0,0.0,0.0,10960.0
South Africa,2e3,0.0,83.0,87.0,85.0,7370.0
South Africa,1990.0,0.0,74.0,159.0,108.0,6190.0
South Sudan,2015.0,0.0,523.0,1150.0,789.0,0.0
South Sudan,2010.0,17.2,0.0,0.0,0.0,2600.0
South Sudan,2e3,0.0,970.0,1760.0,1310.0,0.0
South Sudan,1990.0,0.0,1180.0,2440.0,1730.0,0.0
Spain,2015.0,0.0,4.0,6.0,5.0,0.0
Spain,2e3,0.0,5.0,6.0,5.0,21160.0
Spain,1990.0,0.0,6.0,7.0,6.0,13200.0
Sri Lanka,2015.0,0.0,26.0,38.0,30.0,0.0
Sri Lanka,2006.0,98.6,0.0,0.0,0.0,5640.0
Sri Lanka,2e3,0.0,52.0,63.0,57.0,3850.0
Sri Lanka,1990.0,0.0,65.0,90.0,75.0,2150.0
Sudan,2015.0,0.0,214.0,433.0,311.0,0.0
Sudan,2010.0,19.9,0.0,0.0,0.0,2970.0
Sudan,2e3,0.0,410.0,729.0,544.0,1790.0
Sudan,1990.0,0.0,529.0,1050.0,744.0,1110.0
Suriname,2015.0,0.0,110.0,220.0,155.0,0.0
Suriname,2010.0,90.0,0.0,0.0,0.0,13730.0
Suriname,2e3,0.0,219.0,312.0,259.0,7810.0
Suriname,1990.0,0.0,104.0,155.0,127.0,6700.0
Swaziland,2015.0,0.0,251.0,627.0,389.0,0.0
Swaziland,2014.0,88.3,0.0,0.0,0.0,0.0
Swaziland,2e3,0.0,403.0,846.0,586.0,4730.0
Swaziland,1990.0,0.0,390.0,995.0,635.0,3660.0
Sweden,2015.0,0.0,3.0,5.0,4.0,0.0
Sweden,2e3,0.0,5.0,6.0,5.0,27750.0
Sweden,1990.0,0.0,7.0,9.0,8.0,19010.0
Switzerland,2015.0,0.0,4.0,7.0,5.0,0.0
Switzerland,2e3,0.0,6.0,8.0,7.0,34890.0
Switzerland,1990.0,0.0,7.0,10.0,8.0,25940.0
Syrian Arab Republic,2015.0,0.0,48.0,97.0,68.0,0.0
Syrian Arab Republic,2009.0,96.2,0.0,0.0,0.0,0.0
Syrian Arab Republic,2e3,0.0,52.0,102.0,73.0,0.0
Syrian Arab Republic,1990.0,0.0,81.0,177.0,123.0,0.0
Tajikistan,2015.0,0.0,19.0,51.0,32.0,0.0
Tajikistan,2012.0,87.4,0.0,0.0,0.0,2340.0
Tajikistan,2e3,0.0,58.0,80.0,68.0,900.0
Tajikistan,1990.0,0.0,93.0,126.0,107.0,2350.0
Thailand,2015.0,0.0,14.0,32.0,20.0,0.0
Thailand,2012.0,99.6,0.0,0.0,0.0,13420.0
Thailand,2e3,0.0,22.0,28.0,25.0,6980.0
Thailand,1990.0,0.0,34.0,48.0,40.0,4070.0
The former Yugoslav republic of Macedonia,2015.0,0.0,5.0,10.0,8.0,0.0
The former Yugoslav republic of Macedonia,2014.0,99.9,0.0,0.0,0.0,0.0
The former Yugoslav republic of Macedonia,2e3,0.0,10.0,14.0,12.0,5710.0
The former Yugoslav republic of Macedonia,1990.0,0.0,11.0,18.0,14.0,5220.0
Timor-Leste,2015.0,0.0,150.0,300.0,215.0,0.0
Timor-Leste,2009.0,29.3,0.0,0.0,0.0,5100.0
Timor-Leste,2e3,0.0,517.0,925.0,694.0,1640.0
Timor-Leste,1990.0,0.0,741.0,1510.0,1080.0,0.0
Togo,2015.0,0.0,255.0,518.0,368.0,0.0
Togo,2013.0,44.6,0.0,0.0,0.0,1180.0
Togo,2e3,0.0,367.0,649.0,491.0,1010.0
Togo,1990.0,0.0,430.0,759.0,568.0,860.0
Tonga,2015.0,0.0,57.0,270.0,124.0,0.0
Tonga,2012.0,95.5,0.0,0.0,0.0,5370.0
Tonga,2e3,0.0,50.0,190.0,97.0,3700.0
Tonga,1990.0,0.0,41.0,132.0,75.0,2370.0
Trinidad and Tobago,2015.0,0.0,49.0,80.0,63.0,0.0
Trinidad and Tobago,2014.0,100.0,0.0,0.0,0.0,0.0
Trinidad and Tobago,2e3,0.0,54.0,70.0,62.0,12980.0
Trinidad and Tobago,1990.0,0.0,80.0,103.0,90.0,8040.0
Tunisia,2015.0,0.0,42.0,92.0,62.0,0.0
Tunisia,2011.0,73.6,0.0,0.0,0.0,9720.0
Tunisia,2e3,0.0,62.0,115.0,84.0,5620.0
Tunisia,1990.0,0.0,96.0,175.0,131.0,3420.0
Turkey,2015.0,0.0,12.0,21.0,16.0,0.0
Turkey,2013.0,97.4,0.0,0.0,0.0,18760.0
Turkey,2e3,0.0,59.0,108.0,79.0,9180.0
Turkey,1990.0,0.0,63.0,149.0,97.0,4360.0
Turkmenistan,2015.0,0.0,20.0,73.0,42.0,0.0
Turkmenistan,2005.0,99.5,0.0,0.0,0.0,5400.0
Turkmenistan,2e3,0.0,41.0,80.0,59.0,3990.0
Turkmenistan,1990.0,0.0,72.0,95.0,82.0,0.0
Tuvalu,2007.0,93.1,0.0,0.0,0.0,5430.0
Uganda,2015.0,0.0,247.0,493.0,343.0,0.0
Uganda,2011.0,58.0,0.0,0.0,0.0,1310.0
Uganda,2e3,0.0,503.0,766.0,620.0,690.0
Uganda,1990.0,0.0,544.0,877.0,687.0,410.0
Ukraine,2015.0,0.0,19.0,32.0,24.0,0.0
Ukraine,2012.0,99.0,0.0,0.0,0.0,8670.0
Ukraine,2e3,0.0,30.0,39.0,34.0,3710.0
Ukraine,1990.0,0.0,41.0,52.0,46.0,6960.0
United Arab Emirates,2015.0,0.0,3.0,11.0,6.0,0.0
United Arab Emirates,2010.0,100.0,0.0,0.0,0.0,56260.0
United Arab Emirates,2e3,0.0,5.0,14.0,8.0,0.0
United Arab Emirates,1990.0,0.0,10.0,29.0,17.0,0.0
United Kingdom of Great Britain and Northern Ireland,2015.0,0.0,8.0,11.0,9.0,0.0
United Kingdom of Great Britain and Northern Ireland,2e3,0.0,11.0,12.0,12.0,26280.0
United Kingdom of Great Britain and Northern Ireland,1990.0,0.0,9.0,11.0,10.0,15770.0
United Republic of Tanzania,2015.0,0.0,281.0,570.0,398.0,0.0
United Republic of Tanzania,2010.0,48.9,0.0,0.0,0.0,1500.0
United Republic of Tanzania,2e3,0.0,671.0,1050.0,842.0,820.0
United Republic of Tanzania,1990.0,0.0,775.0,1280.0,997.0,640.0
United States of America,2015.0,0.0,12.0,16.0,14.0,0.0
United States of America,2014.0,98.5,0.0,0.0,0.0,0.0
United States of America,2e3,0.0,12.0,12.0,12.0,36930.0
United States of America,1990.0,0.0,11.0,13.0,12.0,23730.0
Uruguay,2015.0,0.0,11.0,19.0,15.0,0.0
Uruguay,2013.0,98.2,0.0,0.0,0.0,18930.0
Uruguay,2e3,0.0,26.0,36.0,31.0,9960.0
Uruguay,1990.0,0.0,32.0,44.0,37.0,6e3
Uzbekistan,2015.0,0.0,20.0,65.0,36.0,0.0
Uzbekistan,2006.0,99.6,0.0,0.0,0.0,2950.0
Uzbekistan,2e3,0.0,30.0,39.0,34.0,1940.0
Uzbekistan,1990.0,0.0,48.0,62.0,54.0,0.0
Vanuatu,2015.0,0.0,36.0,169.0,78.0,0.0
Vanuatu,2013.0,89.4,0.0,0.0,0.0,2840.0
Vanuatu,2e3,0.0,73.0,276.0,144.0,2120.0
Vanuatu,1990.0,0.0,126.0,406.0,225.0,1680.0
Venezuela (Bolivarian Republic of),2015.0,0.0,77.0,124.0,95.0,0.0
Venezuela (Bolivarian Republic of),2014.0,99.5,0.0,0.0,0.0,0.0
Venezuela (Bolivarian Republic of),2e3,0.0,80.0,100.0,90.0,11340.0
Venezuela (Bolivarian Republic of),1990.0,0.0,83.0,105.0,94.0,9260.0
Viet Nam,2015.0,0.0,41.0,74.0,54.0,0.0
Viet Nam,2013.0,93.8,0.0,0.0,0.0,5030.0
Viet Nam,2e3,0.0,61.0,102.0,81.0,2070.0
Viet Nam,1990.0,0.0,92.0,186.0,139.0,910.0
Yemen,2015.0,0.0,274.0,582.0,385.0,0.0
Yemen,2013.0,43.0,0.0,0.0,0.0,3820.0
Yemen,2e3,0.0,337.0,573.0,440.0,2930.0
Yemen,1990.0,0.0,389.0,736.0,547.0,2210.0
Zambia,2015.0,0.0,162.0,306.0,224.0,0.0
Zambia,2013.0,64.2,0.0,0.0,0.0,3070.0
Zambia,2e3,0.0,441.0,666.0,541.0,1590.0
Zambia,1990.0,0.0,449.0,757.0,577.0,1500.0
Zimbabwe,2015.0,0.0,363.0,563.0,443.0,0.0
Zimbabwe,2014.0,80.0,0.0,0.0,0.0,0.0
Zimbabwe,2e3,0.0,534.0,664.0,590.0,1890.0
Zimbabwe,1990.0,0.0,351.0,523.0,440.0,1590.0
